region,budget,model,side,term,flux_Gt_yr,sd_Gt_yr,pct_of_side_total,pct_lo,pct_hi,pct_of_scale_ref,reservoir_Gt_yr,scale_ref_Gt_yr
SO,snow,ACCESS-CM2,source,Snowfall,4092.48,186.87,100.0,95.43,104.57,84.9,4092.48,4820.13
SO,snow,ACCESS-CM2,sink,Snowmelt,1080.43,93.83,44.86,40.96,48.75,22.42,4092.48,4820.13
SO,snow,ACCESS-CM2,sink,Snow-to-ice,843.75,26.55,35.03,33.93,36.13,17.5,4092.48,4820.13
SO,snow,ACCESS-CM2,sink,Dynamics,484.42,20.24,20.11,19.27,20.95,10.05,4092.48,4820.13
SO,snow,ACCESS-CM2,sink,Residual,1683.88,,,,,34.93,4092.48,4820.13
SO,snow,HadGEM3-GC31-LL,source,Snowfall,4648.4,270.26,100.0,94.19,105.81,96.44,4648.4,4820.13
SO,snow,HadGEM3-GC31-LL,sink,Snowmelt,2169.55,158.37,49.35,45.75,52.95,45.01,4648.4,4820.13
SO,snow,HadGEM3-GC31-LL,sink,Snow-to-ice,2019.74,103.64,45.94,43.58,48.3,41.9,4648.4,4820.13
SO,snow,HadGEM3-GC31-LL,sink,Dynamics,207.17,14.17,4.71,4.39,5.03,4.3,4648.4,4820.13
SO,snow,HadGEM3-GC31-LL,sink,Residual,251.94,,,,,5.23,4648.4,4820.13
SO,snow,UKESM1-0-LL,source,Snowfall,5575.98,199.83,100.0,96.42,103.58,115.68,5575.98,4820.13
SO,snow,UKESM1-0-LL,sink,Snowmelt,2496.74,128.92,48.82,46.3,51.35,51.8,5575.98,4820.13
SO,snow,UKESM1-0-LL,sink,Snow-to-ice,2376.93,41.51,46.48,45.67,47.29,49.31,5575.98,4820.13
SO,snow,UKESM1-0-LL,sink,Dynamics,240.07,12.21,4.69,4.46,4.93,4.98,5575.98,4820.13
SO,snow,UKESM1-0-LL,sink,Residual,462.24,,,,,9.59,5575.98,4820.13
SO,snow,MRI-ESM2-0,source,Snowfall,6427.02,0.0,100.0,100.0,100.0,133.34,6427.02,4820.13
SO,snow,MRI-ESM2-0,source,Dynamics,0.0,0.0,0.0,0.0,0.0,0.0,6427.02,4820.13
SO,snow,MRI-ESM2-0,sink,Vapour Exchange,603.36,8.63,9.39,9.26,9.53,12.52,6427.02,4820.13
SO,snow,MRI-ESM2-0,sink,Snowmelt,2346.42,11.2,36.52,36.35,36.7,48.68,6427.02,4820.13
SO,snow,MRI-ESM2-0,sink,Snow-to-ice,3474.97,96.62,54.09,52.58,55.59,72.09,6427.02,4820.13
SO,snow,MRI-ESM2-0,sink,Residual,2.27,,,,,0.05,6427.02,4820.13
SO,snow,CESM2-WACCM,source,Snowfall,4880.78,43.77,100.0,99.1,100.9,101.26,4880.78,4820.13
SO,snow,CESM2-WACCM,sink,Vapour Exchange,442.04,0.0,21.24,21.24,21.24,9.17,4880.78,4820.13
SO,snow,CESM2-WACCM,sink,Snowmelt,1638.95,28.29,78.76,77.4,80.12,34.0,4880.78,4820.13
SO,snow,CESM2-WACCM,sink,Residual,2799.8,,,,,58.09,4880.78,4820.13
SO,snow,CESM2-LE,source,Snowfall,4712.21,87.25,100.0,98.15,101.85,97.76,4712.21,4820.13
SO,snow,CESM2-LE,sink,Vapour Exchange,423.5,8.44,9.52,9.33,9.71,8.79,4712.21,4820.13
SO,snow,CESM2-LE,sink,Snowmelt,1564.74,37.02,35.19,34.35,36.02,32.46,4712.21,4820.13
SO,snow,CESM2-LE,sink,Snow-to-ice,2458.64,48.58,55.29,54.2,56.38,51.01,4712.21,4820.13
SO,snow,CESM2-LE,sink,Residual,265.33,,,,,5.5,4712.21,4820.13
SO,snow,NorESM2-LM,source,Snowfall,3595.44,73.33,100.0,97.96,102.04,74.59,3595.44,4820.13
SO,snow,NorESM2-LM,sink,Wind drift,477.74,11.54,15.55,15.17,15.92,9.91,3595.44,4820.13
SO,snow,NorESM2-LM,sink,Snowmelt,849.21,47.03,27.64,26.11,29.17,17.62,3595.44,4820.13
SO,snow,NorESM2-LM,sink,Snow-to-ice,1745.66,56.35,56.81,54.98,58.65,36.22,3595.44,4820.13
SO,snow,NorESM2-LM,sink,Residual,522.83,,,,,10.85,3595.44,4820.13
SO,snow,CNRM-CM6-1,source,Snowfall,4410.97,0.0,100.0,100.0,100.0,91.51,4410.97,4820.13
SO,snow,CNRM-CM6-1,sink,Vapour Exchange,197.81,0.0,4.57,4.57,4.57,4.1,4410.97,4820.13
SO,snow,CNRM-CM6-1,sink,Snowmelt,1561.46,0.0,36.08,36.08,36.08,32.39,4410.97,4820.13
SO,snow,CNRM-CM6-1,sink,Snow-to-ice,2568.9,0.0,59.35,59.35,59.35,53.3,4410.97,4820.13
SO,snow,CNRM-CM6-1,sink,Dynamics,0.02,0.0,0.0,0.0,0.0,0.0,4410.97,4820.13
SO,snow,CNRM-CM6-1,sink,Residual,82.78,,,,,1.72,4410.97,4820.13
SO,snow,CNRM-ESM2-1,source,Snowfall,3384.71,0.0,100.0,100.0,100.0,70.22,3384.71,4820.13
SO,snow,CNRM-ESM2-1,sink,Vapour Exchange,139.4,0.0,4.15,4.15,4.15,2.89,3384.71,4820.13
SO,snow,CNRM-ESM2-1,sink,Snowmelt,1246.15,0.0,37.11,37.11,37.11,25.85,3384.71,4820.13
SO,snow,CNRM-ESM2-1,sink,Snow-to-ice,1972.06,0.0,58.73,58.73,58.73,40.91,3384.71,4820.13
SO,snow,CNRM-ESM2-1,sink,Dynamics,0.01,0.0,0.0,0.0,0.0,0.0,3384.71,4820.13
SO,snow,CNRM-ESM2-1,sink,Residual,27.09,,,,,0.56,3384.71,4820.13
SO,snow,IPSL-CM6A-LR,source,Snowfall,5312.5,112.5,100.0,97.88,102.12,110.21,5314.16,4820.13
SO,snow,IPSL-CM6A-LR,source,Residual,1.66,,,,,0.03,5314.16,4820.13
SO,snow,IPSL-CM6A-LR,sink,Vapour Exchange,530.21,14.63,9.98,9.7,10.25,11.0,5314.16,4820.13
SO,snow,IPSL-CM6A-LR,sink,Snowmelt,2096.98,56.05,39.46,38.41,40.52,43.5,5314.16,4820.13
SO,snow,IPSL-CM6A-LR,sink,Snow-to-ice,2561.52,57.77,48.2,47.11,49.29,53.14,5314.16,4820.13
SO,snow,IPSL-CM6A-LR,sink,Dynamics,125.44,2.8,2.36,2.31,2.41,2.6,5314.16,4820.13
SO,snow,EC-Earth3,source,Snowfall,2033.36,97.67,100.0,95.2,104.8,42.18,2033.36,4820.13
SO,snow,EC-Earth3,sink,Snowmelt,675.58,26.72,100.0,96.04,103.96,14.02,2033.36,4820.13
SO,snow,EC-Earth3,sink,Residual,1357.77,,,,,28.17,2033.36,4820.13
SO,snow,MME,source,Snowfall,4191.98,1081.96,100.0,74.19,125.81,86.97,4820.13,4820.13
SO,snow,MME,source,Residual,628.15,,,,,13.03,4820.13,4820.13
SO,snow,MME,sink,Vapour Exchange,443.13,79.41,9.19,7.55,10.84,9.19,4820.13,4820.13
SO,snow,MME,sink,Wind drift,485.0,22.08,10.06,9.6,10.52,10.06,4820.13,4820.13
SO,snow,MME,sink,Snowmelt,1439.03,527.7,29.85,18.91,40.8,29.85,4820.13,4820.13
SO,snow,MME,sink,Snow-to-ice,2224.31,580.27,46.15,34.11,58.18,46.15,4820.13,4820.13
SO,snow,MME,sink,Dynamics,228.66,171.94,4.74,1.18,8.31,4.74,4820.13,4820.13
AO,snow,ACCESS-CM2,source,Snowfall,2417.48,85.34,100.0,96.47,103.53,50.15,2417.48,4820.13
AO,snow,ACCESS-CM2,sink,Snowmelt,1276.62,57.1,70.63,67.47,73.79,26.49,2417.48,4820.13
AO,snow,ACCESS-CM2,sink,Snow-to-ice,187.68,4.73,10.38,10.12,10.64,3.89,2417.48,4820.13
AO,snow,ACCESS-CM2,sink,Dynamics,343.22,11.22,18.99,18.37,19.61,7.12,2417.48,4820.13
AO,snow,ACCESS-CM2,sink,Residual,609.97,,,,,12.65,2417.48,4820.13
AO,snow,HadGEM3-GC31-LL,source,Snowfall,2261.94,25.02,100.0,98.89,101.11,46.93,2261.94,4820.13
AO,snow,HadGEM3-GC31-LL,sink,Snowmelt,1339.61,15.68,69.03,68.22,69.84,27.79,2261.94,4820.13
AO,snow,HadGEM3-GC31-LL,sink,Snow-to-ice,456.96,17.14,23.55,22.66,24.43,9.48,2261.94,4820.13
AO,snow,HadGEM3-GC31-LL,sink,Dynamics,144.0,2.2,7.42,7.31,7.53,2.99,2261.94,4820.13
AO,snow,HadGEM3-GC31-LL,sink,Residual,321.37,,,,,6.67,2261.94,4820.13
AO,snow,UKESM1-0-LL,source,Snowfall,2414.77,65.72,100.0,97.28,102.72,50.1,2414.77,4820.13
AO,snow,UKESM1-0-LL,sink,Snowmelt,1469.08,39.72,69.6,67.72,71.49,30.48,2414.77,4820.13
AO,snow,UKESM1-0-LL,sink,Snow-to-ice,490.01,18.25,23.22,22.35,24.08,10.17,2414.77,4820.13
AO,snow,UKESM1-0-LL,sink,Dynamics,151.55,4.18,7.18,6.98,7.38,3.14,2414.77,4820.13
AO,snow,UKESM1-0-LL,sink,Residual,304.14,,,,,6.31,2414.77,4820.13
AO,snow,MRI-ESM2-0,source,Snowfall,2335.05,0.0,100.0,100.0,100.0,48.44,2335.05,4820.13
AO,snow,MRI-ESM2-0,source,Dynamics,0.0,0.0,0.0,0.0,0.0,0.0,2335.05,4820.13
AO,snow,MRI-ESM2-0,sink,Vapour Exchange,242.52,4.36,10.5,10.31,10.68,5.03,2335.05,4820.13
AO,snow,MRI-ESM2-0,sink,Snowmelt,1788.85,60.76,77.41,74.79,80.04,37.11,2335.05,4820.13
AO,snow,MRI-ESM2-0,sink,Snow-to-ice,279.36,10.84,12.09,11.62,12.56,5.8,2335.05,4820.13
AO,snow,MRI-ESM2-0,sink,Residual,24.31,,,,,0.5,2335.05,4820.13
AO,snow,CESM2-WACCM,source,Snowfall,1890.5,35.68,100.0,98.11,101.89,39.22,1890.5,4820.13
AO,snow,CESM2-WACCM,sink,Vapour Exchange,277.95,0.0,19.27,19.27,19.27,5.77,1890.5,4820.13
AO,snow,CESM2-WACCM,sink,Snowmelt,1164.49,24.75,80.73,79.01,82.45,24.16,1890.5,4820.13
AO,snow,CESM2-WACCM,sink,Residual,448.06,,,,,9.3,1890.5,4820.13
AO,snow,CESM2-LE,source,Snowfall,1852.02,52.36,100.0,97.17,102.83,38.42,1852.02,4820.13
AO,snow,CESM2-LE,sink,Vapour Exchange,252.95,4.84,14.98,14.69,15.26,5.25,1852.02,4820.13
AO,snow,CESM2-LE,sink,Snowmelt,1120.15,35.31,66.32,64.23,68.41,23.24,1852.02,4820.13
AO,snow,CESM2-LE,sink,Snow-to-ice,315.84,16.77,18.7,17.71,19.69,6.55,1852.02,4820.13
AO,snow,CESM2-LE,sink,Residual,163.08,,,,,3.38,1852.02,4820.13
AO,snow,NorESM2-LM,source,Snowfall,2105.3,45.41,100.0,97.84,102.16,43.68,2105.3,4820.13
AO,snow,NorESM2-LM,sink,Wind drift,207.17,5.05,12.51,12.21,12.82,4.3,2105.3,4820.13
AO,snow,NorESM2-LM,sink,Snowmelt,1125.89,27.55,68.01,66.34,69.67,23.36,2105.3,4820.13
AO,snow,NorESM2-LM,sink,Snow-to-ice,322.43,10.9,19.48,18.82,20.14,6.69,2105.3,4820.13
AO,snow,NorESM2-LM,sink,Residual,449.82,,,,,9.33,2105.3,4820.13
AO,snow,CNRM-CM6-1,source,Snowfall,2411.9,0.0,100.0,100.0,100.0,50.04,2411.9,4820.13
AO,snow,CNRM-CM6-1,sink,Vapour Exchange,77.31,0.0,3.22,3.22,3.22,1.6,2411.9,4820.13
AO,snow,CNRM-CM6-1,sink,Snowmelt,1629.56,0.0,67.96,67.96,67.96,33.81,2411.9,4820.13
AO,snow,CNRM-CM6-1,sink,Snow-to-ice,690.91,0.0,28.81,28.81,28.81,14.33,2411.9,4820.13
AO,snow,CNRM-CM6-1,sink,Dynamics,0.01,0.0,0.0,0.0,0.0,0.0,2411.9,4820.13
AO,snow,CNRM-CM6-1,sink,Residual,14.1,,,,,0.29,2411.9,4820.13
AO,snow,CNRM-ESM2-1,source,Snowfall,2257.44,0.0,100.0,100.0,100.0,46.83,2258.6,4820.13
AO,snow,CNRM-ESM2-1,source,Residual,1.17,,,,,0.02,2258.6,4820.13
AO,snow,CNRM-ESM2-1,sink,Vapour Exchange,70.12,0.0,3.1,3.1,3.1,1.45,2258.6,4820.13
AO,snow,CNRM-ESM2-1,sink,Snowmelt,1555.83,0.0,68.88,68.88,68.88,32.28,2258.6,4820.13
AO,snow,CNRM-ESM2-1,sink,Snow-to-ice,632.64,0.0,28.01,28.01,28.01,13.13,2258.6,4820.13
AO,snow,CNRM-ESM2-1,sink,Dynamics,0.01,0.0,0.0,0.0,0.0,0.0,2258.6,4820.13
AO,snow,IPSL-CM6A-LR,source,Snowfall,2111.39,63.87,100.0,96.97,103.03,43.8,2118.49,4820.13
AO,snow,IPSL-CM6A-LR,source,Residual,7.1,,,,,0.15,2118.49,4820.13
AO,snow,IPSL-CM6A-LR,sink,Vapour Exchange,197.53,4.56,9.32,9.11,9.54,4.1,2118.49,4820.13
AO,snow,IPSL-CM6A-LR,sink,Snowmelt,1325.31,43.99,62.56,60.48,64.64,27.5,2118.49,4820.13
AO,snow,IPSL-CM6A-LR,sink,Snow-to-ice,350.05,12.24,16.52,15.95,17.1,7.26,2118.49,4820.13
AO,snow,IPSL-CM6A-LR,sink,Dynamics,245.6,6.74,11.59,11.27,11.91,5.1,2118.49,4820.13
AO,snow,EC-Earth3,source,Snowfall,1922.34,82.4,100.0,95.71,104.29,39.88,1922.34,4820.13
AO,snow,EC-Earth3,sink,Snowmelt,1141.31,52.24,100.0,95.42,104.58,23.68,1922.34,4820.13
AO,snow,EC-Earth3,sink,Residual,781.03,,,,,16.2,1922.34,4820.13
AO,snow,MME,source,Snowfall,2010.66,208.22,100.0,89.64,110.36,41.71,2195.8,4820.13
AO,snow,MME,source,Residual,185.14,,,,,3.84,2195.8,4820.13
AO,snow,MME,sink,Vapour Exchange,236.78,38.0,10.78,9.05,12.51,4.91,2195.8,4820.13
AO,snow,MME,sink,Wind drift,208.55,6.22,9.5,9.21,9.78,4.33,2195.8,4820.13
AO,snow,MME,sink,Snowmelt,1214.16,162.37,55.29,47.9,62.69,25.19,2195.8,4820.13
AO,snow,MME,sink,Snow-to-ice,330.65,84.72,15.06,11.2,18.92,6.86,2195.8,4820.13
AO,snow,MME,sink,Dynamics,205.66,115.89,9.37,4.09,14.64,4.27,2195.8,4820.13
IA,snow,ACCESS-CM2,source,Snowfall,1334.91,44.73,100.0,96.65,103.35,27.69,1334.91,4820.13
IA,snow,ACCESS-CM2,sink,Snowmelt,804.38,35.84,76.43,73.02,79.83,16.69,1334.91,4820.13
IA,snow,ACCESS-CM2,sink,Snow-to-ice,25.23,1.34,2.4,2.27,2.52,0.52,1334.91,4820.13
IA,snow,ACCESS-CM2,sink,Dynamics,222.84,7.49,21.17,20.46,21.89,4.62,1334.91,4820.13
IA,snow,ACCESS-CM2,sink,Residual,282.47,,,,,5.86,1334.91,4820.13
IA,snow,HadGEM3-GC31-LL,source,Snowfall,1290.17,6.61,100.0,99.49,100.51,26.77,1290.17,4820.13
IA,snow,HadGEM3-GC31-LL,sink,Snowmelt,840.37,17.4,76.71,75.12,78.3,17.43,1290.17,4820.13
IA,snow,HadGEM3-GC31-LL,sink,Snow-to-ice,97.55,1.98,8.9,8.72,9.09,2.02,1290.17,4820.13
IA,snow,HadGEM3-GC31-LL,sink,Dynamics,157.56,3.21,14.38,14.09,14.68,3.27,1290.17,4820.13
IA,snow,HadGEM3-GC31-LL,sink,Residual,194.7,,,,,4.04,1290.17,4820.13
IA,snow,UKESM1-0-LL,source,Snowfall,1364.08,14.21,100.0,98.96,101.04,28.3,1364.08,4820.13
IA,snow,UKESM1-0-LL,sink,Snowmelt,917.8,10.47,77.58,76.69,78.46,19.04,1364.08,4820.13
IA,snow,UKESM1-0-LL,sink,Snow-to-ice,92.92,2.41,7.85,7.65,8.06,1.93,1364.08,4820.13
IA,snow,UKESM1-0-LL,sink,Dynamics,172.36,2.9,14.57,14.32,14.81,3.58,1364.08,4820.13
IA,snow,UKESM1-0-LL,sink,Residual,181.0,,,,,3.76,1364.08,4820.13
IA,snow,MRI-ESM2-0,source,Snowfall,1552.43,0.0,100.0,100.0,100.0,32.21,1553.37,4820.13
IA,snow,MRI-ESM2-0,source,Residual,0.94,,,,,0.02,1553.37,4820.13
IA,snow,MRI-ESM2-0,sink,Vapour Exchange,158.71,2.91,10.22,10.03,10.4,3.29,1553.37,4820.13
IA,snow,MRI-ESM2-0,sink,Snowmelt,1227.68,44.45,79.03,76.17,81.89,25.47,1553.37,4820.13
IA,snow,MRI-ESM2-0,sink,Snow-to-ice,81.29,4.15,5.23,4.97,5.5,1.69,1553.37,4820.13
IA,snow,MRI-ESM2-0,sink,Dynamics,85.7,3.95,5.52,5.26,5.77,1.78,1553.37,4820.13
IA,snow,CESM2-WACCM,source,Snowfall,1211.39,10.94,100.0,99.1,100.9,25.13,1211.39,4820.13
IA,snow,CESM2-WACCM,sink,Vapour Exchange,179.79,0.0,18.59,18.59,18.59,3.73,1211.39,4820.13
IA,snow,CESM2-WACCM,sink,Snowmelt,787.43,11.71,81.41,80.2,82.62,16.34,1211.39,4820.13
IA,snow,CESM2-WACCM,sink,Residual,244.16,,,,,5.07,1211.39,4820.13
IA,snow,CESM2-LE,source,Snowfall,1184.53,31.05,100.0,97.38,102.62,24.57,1184.53,4820.13
IA,snow,CESM2-LE,sink,Vapour Exchange,161.33,3.77,16.18,15.8,16.56,3.35,1184.53,4820.13
IA,snow,CESM2-LE,sink,Snowmelt,755.42,23.54,75.75,73.39,78.11,15.67,1184.53,4820.13
IA,snow,CESM2-LE,sink,Snow-to-ice,80.47,5.79,8.07,7.49,8.65,1.67,1184.53,4820.13
IA,snow,CESM2-LE,sink,Residual,187.32,,,,,3.89,1184.53,4820.13
IA,snow,NorESM2-LM,source,Snowfall,1239.02,26.11,100.0,97.89,102.11,25.71,1239.02,4820.13
IA,snow,NorESM2-LM,sink,Wind drift,110.26,2.93,13.18,12.83,13.53,2.29,1239.02,4820.13
IA,snow,NorESM2-LM,sink,Snowmelt,726.22,16.68,86.82,84.82,88.81,15.07,1239.02,4820.13
IA,snow,NorESM2-LM,sink,Residual,402.54,,,,,8.35,1239.02,4820.13
IA,snow,CNRM-CM6-1,source,Snowfall,1563.29,0.0,100.0,100.0,100.0,32.43,1563.29,4820.13
IA,snow,CNRM-CM6-1,sink,Vapour Exchange,44.62,0.0,2.89,2.89,2.89,0.93,1563.29,4820.13
IA,snow,CNRM-CM6-1,sink,Snowmelt,1082.36,0.0,70.14,70.14,70.14,22.46,1563.29,4820.13
IA,snow,CNRM-CM6-1,sink,Snow-to-ice,313.09,0.0,20.29,20.29,20.29,6.5,1563.29,4820.13
IA,snow,CNRM-CM6-1,sink,Dynamics,103.05,0.0,6.68,6.68,6.68,2.14,1563.29,4820.13
IA,snow,CNRM-CM6-1,sink,Residual,20.16,,,,,0.42,1563.29,4820.13
IA,snow,CNRM-ESM2-1,source,Snowfall,1484.8,0.0,100.0,100.0,100.0,30.8,1484.8,4820.13
IA,snow,CNRM-ESM2-1,sink,Vapour Exchange,42.29,0.0,2.86,2.86,2.86,0.88,1484.8,4820.13
IA,snow,CNRM-ESM2-1,sink,Snowmelt,1036.47,0.0,70.21,70.21,70.21,21.5,1484.8,4820.13
IA,snow,CNRM-ESM2-1,sink,Snow-to-ice,315.87,0.0,21.4,21.4,21.4,6.55,1484.8,4820.13
IA,snow,CNRM-ESM2-1,sink,Dynamics,81.57,0.0,5.53,5.53,5.53,1.69,1484.8,4820.13
IA,snow,CNRM-ESM2-1,sink,Residual,8.6,,,,,0.18,1484.8,4820.13
IA,snow,IPSL-CM6A-LR,source,Snowfall,1114.13,30.08,100.0,97.3,102.7,23.11,1119.64,4820.13
IA,snow,IPSL-CM6A-LR,source,Residual,5.51,,,,,0.11,1119.64,4820.13
IA,snow,IPSL-CM6A-LR,sink,Vapour Exchange,84.36,2.0,7.53,7.36,7.71,1.75,1119.64,4820.13
IA,snow,IPSL-CM6A-LR,sink,Snowmelt,780.99,23.87,69.75,67.62,71.89,16.2,1119.64,4820.13
IA,snow,IPSL-CM6A-LR,sink,Snow-to-ice,54.86,1.95,4.9,4.73,5.07,1.14,1119.64,4820.13
IA,snow,IPSL-CM6A-LR,sink,Dynamics,199.44,7.54,17.81,17.14,18.49,4.14,1119.64,4820.13
IA,snow,EC-Earth3,source,Snowfall,1182.83,34.35,100.0,97.1,102.9,24.54,1182.83,4820.13
IA,snow,EC-Earth3,sink,Snowmelt,765.74,29.15,100.0,96.19,103.81,15.89,1182.83,4820.13
IA,snow,EC-Earth3,sink,Residual,417.09,,,,,8.65,1182.83,4820.13
IA,snow,MME,source,Snowfall,1220.01,91.45,100.0,92.5,107.5,25.31,1309.97,4820.13
IA,snow,MME,source,Residual,89.96,,,,,1.87,1309.97,4820.13
IA,snow,MME,sink,Vapour Exchange,144.71,34.27,11.05,8.43,13.66,3.0,1309.97,4820.13
IA,snow,MME,sink,Wind drift,110.1,2.97,8.41,8.18,8.63,2.28,1309.97,4820.13
IA,snow,MME,sink,Snowmelt,796.55,105.91,60.81,52.72,68.89,16.53,1309.97,4820.13
IA,snow,MME,sink,Snow-to-ice,80.57,47.57,6.15,2.52,9.78,1.67,1309.97,4820.13
IA,snow,MME,sink,Dynamics,178.04,46.5,13.59,10.04,17.14,3.69,1309.97,4820.13
